instance,variant,distance,runs,feasible,best,mean,std,meanH
R2,D200,200,20,20,83,83.050,0.224,4.655
R2,D250,250,20,20,83,83,0,5.270
R2,D300,300,20,20,83,83,0,6.832
R2,D350,350,20,20,83,83,0,10.069
R2,D400,400,20,20,83,83.050,0.224,15.249
R2,D450,450,20,20,83,83.050,0.224,21.454
R2,D500,500,20,20,83,83,0,22.292
R2,Hoff,off,20,20,83,83,0,0
L1,D200,200,20,20,87,87,0,2.036
L1,D250,250,20,20,87,87,0,4.804
L1,D300,300,20,20,87,87.200,0.410,6.202
L1,D350,350,20,20,87,87.500,0.513,6.036
L1,D400,400,20,20,87,87.350,0.489,13.923
L1,D450,450,20,20,87,87.450,0.510,13.511
L1,D500,500,20,20,87,87.500,0.513,21.618
L1,Hoff,off,20,20,86,86.700,0.470,0
S1,D200,200,20,20,51,51,0,0.419
S1,D250,250,20,20,51,51,0,1.040
S1,D300,300,20,20,51,51,0,2.159
S1,D350,350,20,20,51,51,0,3.251
S1,D400,400,20,20,51,51,0,3.888
S1,D450,450,20,20,51,51,0,4.635
S1,D500,500,20,20,51,51,0,5.558
S1,Hoff,off,20,20,51,51,0,0
O1,D200,200,20,20,84,84,0,1.363
O1,D250,250,20,20,84,84,0,1.667
O1,D300,300,20,20,84,84,0,1.560
O1,D350,350,20,20,84,84,0,2.236
O1,D400,400,20,20,84,84,0,2.497
O1,D450,450,20,20,84,84,0,5.307
O1,D500,500,20,20,84,84,0,8.717
O1,Hoff,off,20,20,84,84,0,0
