instance,method,mean,best,feasible
T1,b-inst,5,5,1/1
T1,sa-onsite,5,5,20/20
T1,sa,5,5,20/20
T2,b-inst,5,5,1/1
T2,sa-onsite,5,5,20/20
T2,sa,5,5,20/20
T3,b-inst,7,7,1/1
T3,sa-onsite,7,7,20/20
T3,sa,7,7,20/20
T4,b-inst,5,5,1/1
T4,sa-onsite,5,5,20/20
T4,sa,5,5,20/20
P1,b-inst,58,58,1/1
P1,sa-onsite,57,57,20/20
P1,sa,56,56,20/20
P2,b-inst,90,90,1/1
P2,sa-onsite,89.900,89,20/20
P2,sa,89,89,20/20
P3,b-inst,123,123,1/1
P3,sa-onsite,122,122,20/20
P3,sa,121,121,20/20
P4,b-inst,171,171,1/1
P4,sa-onsite,170.050,170,20/20
P4,sa,169.900,169,20/20
P5,b-inst,203,203,1/1
P5,sa-onsite,202.400,202,20/20
P5,sa,201.150,201,20/20
P6,b-inst,250,250,1/1
P6,sa-onsite,249.600,249,20/20
P6,sa,249,249,20/20
R1,b-inst,49,49,1/1
R1,sa-onsite,49,49,20/20
R1,sa,49,49,20/20
R2,b-inst,86,86,1/1
R2,sa-onsite,84.200,84,20/20
R2,sa,83,83,20/20
R3,b-inst,81,81,1/1
R3,sa-onsite,79,79,20/20
R3,sa,78,78,20/20
R4,b-inst,256,256,1/1
R4,sa-onsite,256,256,20/20
R4,sa,256,256,20/20
L1,b-inst,89,89,1/1
L1,sa-onsite,87.950,87,20/20
L1,sa,86.950,86,20/20
L2,b-inst,132,132,1/1
L2,sa-onsite,131.100,131,20/20
L2,sa,129.800,129,20/20
L3,b-inst,66,66,1/1
L3,sa-onsite,65.600,65,20/20
L3,sa,64.700,64,20/20
U1,b-inst,89,89,1/1
U1,sa-onsite,81,81,20/20
U1,sa,81,81,20/20
S1,b-inst,52,52,1/1
S1,sa-onsite,51.700,51,20/20
S1,sa,51,51,20/20
S2,b-inst,37,37,1/1
S2,sa-onsite,37,37,20/20
S2,sa,37,37,20/20
S3,b-inst,63,63,1/1
S3,sa-onsite,62,62,20/20
S3,sa,62,62,20/20
S4,b-inst,61,61,1/1
S4,sa-onsite,60.550,60,20/20
S4,sa,60,60,20/20
O1,b-inst,84,84,1/1
O1,sa-onsite,84,84,20/20
O1,sa,84,84,20/20
O2,b-inst,61,61,1/1
O2,sa-onsite,59.900,59,20/20
O2,sa,59,59,20/20
C1,b-inst,68,68,1/1
C1,sa-onsite,66.150,66,20/20
C1,sa,66,66,20/20
C2,b-inst,68,68,1/1
C2,sa-onsite,67,67,20/20
C2,sa,67,67,20/20
C3,b-inst,62,62,1/1
C3,sa-onsite,62,62,20/20
C3,sa,61,61,20/20
