n,areaM2,segments,optimum,method,runs,found,feasible,share,meanB,meanGap,meanMs
6,5.92,6,24,b-inst,1,0,1,0.000,25.000,1.000,71
6,5.92,6,24,rs,20,0,20,0.000,25.000,1.000,8766
6,5.92,6,24,hc,20,20,20,1.000,24.000,0.000,60
6,5.92,6,24,sa,20,20,20,1.000,24.000,0.000,58
10,9.86,10,40,b-inst,1,0,1,0.000,42.000,2.000,102
10,9.86,10,40,rs,20,0,20,0.000,41.000,1.000,14622
10,9.86,10,40,hc,20,0,20,0.000,41.000,1.000,2821
10,9.86,10,40,sa,20,20,20,1.000,40.000,0.000,149
14,13.81,14,56,b-inst,1,0,1,0.000,58.000,2.000,203
14,13.81,14,56,rs,20,0,10,0.000,57.600,1.600,31679
14,13.81,14,56,hc,20,0,20,0.000,57.000,1.000,5011
14,13.81,14,56,sa,20,20,20,1.000,56.000,0.000,281
18,17.75,18,72,b-inst,1,0,1,0.000,74.000,2.000,336
18,17.75,18,72,rs,20,0,0,0.000,,,35096
18,17.75,18,72,hc,20,0,20,0.000,73.000,1.000,3150
18,17.75,18,72,sa,20,20,20,1.000,72.000,0.000,319
22,21.70,22,88,b-inst,1,0,1,0.000,90.000,2.000,280
22,21.70,22,88,rs,20,0,0,0.000,,,34114
22,21.70,22,88,hc,20,0,20,0.000,89.000,1.000,3029
22,21.70,22,88,sa,20,20,20,1.000,88.000,0.000,299
26,25.64,26,104,b-inst,1,0,1,0.000,106.000,2.000,273
26,25.64,26,104,rs,20,0,0,0.000,,,41783
26,25.64,26,104,hc,20,0,20,0.000,105.000,1.000,3217
26,25.64,26,104,sa,20,20,20,1.000,104.000,0.000,363
30,29.59,30,120,b-inst,1,0,1,0.000,123.000,3.000,309
30,29.59,30,120,rs,20,0,0,0.000,,,45499
30,29.59,30,120,hc,20,0,20,0.000,121.000,1.000,4229
30,29.59,30,120,sa,20,18,20,0.900,120.100,0.100,1349
34,33.53,34,136,b-inst,1,0,1,0.000,138.000,2.000,391
34,33.53,34,136,rs,20,0,0,0.000,,,51776
34,33.53,34,136,hc,20,0,20,0.000,137.000,1.000,3269
34,33.53,34,136,sa,20,20,20,1.000,136.000,0.000,411
38,37.48,38,152,b-inst,1,0,1,0.000,155.000,3.000,372
38,37.48,38,152,rs,20,0,0,0.000,,,56916
38,37.48,38,152,hc,20,0,20,0.000,153.000,1.000,3336
38,37.48,38,152,sa,20,2,20,0.100,152.900,0.900,4969
42,41.42,42,168,b-inst,1,0,1,0.000,170.000,2.000,433
42,41.42,42,168,rs,20,0,0,0.000,,,115821
42,41.42,42,168,hc,20,0,20,0.000,169.000,1.000,5081
42,41.42,42,168,sa,20,20,20,1.000,168.000,0.000,880
