instance,method,eval,mean,min,max,seeds
R1,sa,1,49,49,49,3
R1,sa,2,49,49,49,3
R1,sa,3,49,49,49,3
R1,sa,5,49,49,49,3
R1,sa,6,49,49,49,3
R1,sa,8,49,49,49,3
R1,sa,11,49,49,49,3
R1,sa,16,49,49,49,3
R1,sa,21,49,49,49,3
R1,sa,29,49,49,49,3
R1,sa,39,49,49,49,3
R1,sa,53,49,49,49,3
R1,sa,72,49,49,49,3
R1,sa,97,49,49,49,3
R1,sa,132,49,49,49,3
R1,sa,179,49,49,49,3
R1,sa,243,49,49,49,3
R1,sa,330,49,49,49,3
R1,sa,447,49,49,49,3
R1,sa,607,49,49,49,3
R1,sa,823,49,49,49,3
R1,sa,1117,49,49,49,3
R1,sa,1516,49,49,49,3
R1,sa,2057,49,49,49,3
R1,sa,2790,49,49,49,3
R1,sa,3786,49,49,49,3
R1,sa,5137,49,49,49,3
R1,sa,6970,49,49,49,3
R1,sa,9457,49,49,49,3
R1,sa,12832,49,49,49,3
R1,sa,17411,49,49,49,3
R1,sa,23624,49,49,49,3
R1,sa,32054,49,49,49,3
R1,sa,43491,49,49,49,3
R1,sa,59010,49,49,49,3
R1,sa,80067,49,49,49,3
R1,sa,108637,49,49,49,3
R1,sa,147402,49,49,49,3
R1,sa,200000,49,49,49,3
R2,sa,1,86,86,86,3
R2,sa,2,86,86,86,3
R2,sa,3,86,86,86,3
R2,sa,5,86,86,86,3
R2,sa,6,86,86,86,3
R2,sa,8,85.667,85,86,3
R2,sa,11,85.667,85,86,3
R2,sa,16,85.667,85,86,3
R2,sa,21,85.333,85,86,3
R2,sa,29,85.333,85,86,3
R2,sa,39,85,85,85,3
R2,sa,53,85,85,85,3
R2,sa,72,85,85,85,3
R2,sa,97,85,85,85,3
R2,sa,132,85,85,85,3
R2,sa,179,85,85,85,3
R2,sa,243,85,85,85,3
R2,sa,330,84.667,84,85,3
R2,sa,447,84.667,84,85,3
R2,sa,607,84.333,84,85,3
R2,sa,823,84.333,84,85,3
R2,sa,1117,84.333,84,85,3
R2,sa,1516,84.333,84,85,3
R2,sa,2057,84,84,84,3
R2,sa,2790,84,84,84,3
R2,sa,3786,84,84,84,3
R2,sa,5137,83.667,83,84,3
R2,sa,6970,83.333,83,84,3
R2,sa,9457,83,83,83,3
R2,sa,12832,83,83,83,3
R2,sa,17411,83,83,83,3
R2,sa,23624,83,83,83,3
R2,sa,32054,83,83,83,3
R2,sa,43491,83,83,83,3
R2,sa,59010,83,83,83,3
R2,sa,80067,83,83,83,3
R2,sa,108637,83,83,83,3
R2,sa,147402,83,83,83,3
R2,sa,200000,83,83,83,3
R3,sa,1,80,80,80,3
R3,sa,2,80,80,80,3
R3,sa,3,80,80,80,3
R3,sa,5,79.667,79,80,3
R3,sa,6,79.667,79,80,3
R3,sa,8,79.667,79,80,3
R3,sa,11,79.667,79,80,3
R3,sa,16,79.667,79,80,3
R3,sa,21,79.667,79,80,3
R3,sa,29,79.667,79,80,3
R3,sa,39,79.667,79,80,3
R3,sa,53,79.667,79,80,3
R3,sa,72,79.667,79,80,3
R3,sa,97,79.667,79,80,3
R3,sa,132,79.667,79,80,3
R3,sa,179,79.667,79,80,3
R3,sa,243,79.333,79,80,3
R3,sa,330,79.333,79,80,3
R3,sa,447,79.333,79,80,3
R3,sa,607,79.333,79,80,3
R3,sa,823,79.333,79,80,3
R3,sa,1117,79.333,79,80,3
R3,sa,1516,79.333,79,80,3
R3,sa,2057,79,79,79,3
R3,sa,2790,79,79,79,3
R3,sa,3786,79,79,79,3
R3,sa,5137,79,79,79,3
R3,sa,6970,79,79,79,3
R3,sa,9457,79,79,79,3
R3,sa,12832,79,79,79,3
R3,sa,17411,79,79,79,3
R3,sa,23624,79,79,79,3
R3,sa,32054,78,78,78,3
R3,sa,43491,78,78,78,3
R3,sa,59010,78,78,78,3
R3,sa,80067,78,78,78,3
R3,sa,108637,78,78,78,3
R3,sa,147402,78,78,78,3
R3,sa,200000,78,78,78,3
R4,sa,1,256,256,256,3
R4,sa,2,256,256,256,3
R4,sa,3,256,256,256,3
R4,sa,5,256,256,256,3
R4,sa,6,256,256,256,3
R4,sa,8,256,256,256,3
R4,sa,11,256,256,256,3
R4,sa,16,256,256,256,3
R4,sa,21,256,256,256,3
R4,sa,29,256,256,256,3
R4,sa,39,256,256,256,3
R4,sa,53,256,256,256,3
R4,sa,72,256,256,256,3
R4,sa,97,256,256,256,3
R4,sa,132,256,256,256,3
R4,sa,179,256,256,256,3
R4,sa,243,256,256,256,3
R4,sa,330,256,256,256,3
R4,sa,447,256,256,256,3
R4,sa,607,256,256,256,3
R4,sa,823,256,256,256,3
R4,sa,1117,256,256,256,3
R4,sa,1516,256,256,256,3
R4,sa,2057,256,256,256,3
R4,sa,2790,256,256,256,3
R4,sa,3786,256,256,256,3
R4,sa,5137,256,256,256,3
R4,sa,6970,256,256,256,3
R4,sa,9457,256,256,256,3
R4,sa,12832,256,256,256,3
R4,sa,17411,256,256,256,3
R4,sa,23624,256,256,256,3
R4,sa,32054,256,256,256,3
R4,sa,43491,256,256,256,3
R4,sa,59010,256,256,256,3
R4,sa,80067,256,256,256,3
R4,sa,108637,256,256,256,3
R4,sa,147402,256,256,256,3
R4,sa,200000,256,256,256,3
