instance,group,zoneM2,segments,lb,knownOptimum,bestKnown,b_next_best,b_next_mean,b_next_std,b_next_ms,b_next_feasible,b_inst_best,b_inst_mean,b_inst_std,b_inst_ms,b_inst_feasible,hc_best,hc_mean,hc_std,hc_ms,hc_feasible,sa_best,sa_mean,sa_std,sa_ms,sa_feasible,sa_onsite_best,sa_onsite_mean,sa_onsite_std,sa_onsite_ms,sa_onsite_feasible
T1,tiny,1.183,2,5,5,5,5,5,0,29.178,1/1,5,5,0,37.032,1/1,5,5,0,18.053,20/20,5,5,0,8.266,20/20,5,5,0,6.574,20/20
T2,tiny,0.722,2,5,5,5,5,5,0,3.457,1/1,5,5,0,2.621,1/1,5,5,0,4.664,20/20,5,5,0,4.245,20/20,5,5,0,4.968,20/20
T3,tiny,0.983,3,5,,7,7,7,0,174.260,1/1,7,7,0,128.719,1/1,7,7,0,2038.445,20/20,7,7,0,2658.934,20/20,7,7,0,2966.380,20/20
T4,tiny,1.104,2,5,5,5,5,5,0,64.757,1/1,5,5,0,42.082,1/1,5,5,0,44.129,20/20,5,5,0,40.606,20/20,5,5,0,31.731,20/20
P1,planted,13.808,14,56,56,,59,59,0,269.613,1/1,58,58,0,245.748,1/1,57,57,0,6616.623,20/20,56,56,0,403.527,20/20,57,57,0,8668.241,20/20
P2,planted,21.699,22,88,88,,93,93,0,358.317,1/1,90,90,0,374.177,1/1,89,89,0,5261.412,20/20,88,88,0,796.271,20/20,89,89.150,0.366,11211.717,20/20
P3,planted,29.589,30,120,120,,126,126,0,525.110,1/1,123,123,0,538.432,1/1,121,121,0,5627.657,20/20,120,120,0,708.875,20/20,121,121.800,0.410,13166.605,20/20
P4,planted,41.425,42,168,168,,181,181,0,717.459,1/1,171,171,0,700.915,1/1,169,169,0,6027.190,20/20,168,168,0,1652.146,20/20,169,169.950,0.224,16983.145,20/20
P5,planted,49.315,50,200,200,,211,211,0,830.301,1/1,203,203,0,791.734,1/1,201,201,0,5857.958,20/20,200,200.200,0.410,3566.924,20/20,201,201.650,0.489,18833.756,20/20
P6,planted,61.151,62,248,248,,264,264,0,1035.207,1/1,250,250,0,1006.781,1/1,249,249,0,6148.270,20/20,248,248.100,0.308,3432.585,20/20,249,249,0,22361.036,20/20
R1,rect,11.860,21,49,49,49,49,49,0,4.749,1/1,49,49,0,4.814,1/1,49,49,0,5.647,20/20,49,49,0,5.420,20/20,49,49,0,4.783,20/20
R2,rect,19.820,27,81,,83,91,91,0,15.418,1/1,86,86,0,21.367,1/1,83,83,0,1704.152,20/20,83,83,0,3589.340,20/20,84,84.050,0.224,8235.564,20/20
R3,rect,18.544,19,77,,78,86,86,0,22.043,1/1,81,81,0,5.769,1/1,78,78,0,1318.765,20/20,78,78,0,3008.296,20/20,79,79.200,0.410,5890.051,20/20
R4,rect,59.980,32,249,,256,256,256,0,7.773,1/1,256,256,0,7.333,1/1,256,256,0,1615.460,20/20,256,256,0,3926.365,20/20,256,256,0,8042.380,20/20
L1,lshape,20.547,25,85,,86,94,94,0,105.455,1/1,89,89,0,67.715,1/1,86,86,0,2037.106,20/20,86,86.150,0.366,4012.665,20/20,87,87.250,0.444,8450.377,20/20
L2,lshape,30.505,28,127,,129,133,133,0,69.867,1/1,132,132,0,59.203,1/1,129,129.100,0.308,2095.432,20/20,129,129,0,4225.683,20/20,129,129.950,0.224,9613.591,20/20
L3,lshape,15.206,23,64,64,64,68,68,0,39.427,1/1,66,66,0,46.778,1/1,64,64,0,513.996,20/20,64,64.100,0.308,999.106,20/20,64,64.950,0.224,8474.057,20/20
U1,lshape,18.750,34,78,,81,89,89,0,49.517,1/1,89,89,0,38.251,1/1,81,81,0,1861.950,20/20,81,81,0,4535.263,20/20,81,81,0,10082.395,20/20
S1,slanted,11.857,16,50,,51,53,53,0,297.177,1/1,52,52,0,330.584,1/1,51,51,0,5083.803,20/20,51,51,0,8606.801,20/20,51,51.150,0.366,10040.214,20/20
S2,slanted,7.870,11,34,,36,40,40,0,205.053,1/1,37,37,0,247.542,1/1,37,37,0,5297.208,20/20,36,36.950,0.224,8068.090,20/20,37,37,0,9197.020,20/20
S3,slanted,14.604,19,61,,62,63,63,0,61.252,1/1,63,63,0,69.186,1/1,62,62,0,1910.423,20/20,62,62,0,3682.921,20/20,62,62,0,6287.945,20/20
S4,slanted,13.841,18,58,,60,61,61,0,171.637,1/1,61,61,0,180.537,1/1,60,60,0,3141.633,20/20,60,60,0,5442.799,20/20,60,60,0,7564.358,20/20
O1,obstacles,19.718,22,82,,84,84,84,0,61.846,1/1,84,84,0,84.485,1/1,84,84,0,1654.645,20/20,84,84,0,3737.525,20/20,84,84,0,6454.677,20/20
O2,obstacles,13.546,20,59,59,59,64,64,0,116.612,1/1,61,61,0,146.551,1/1,59,59,0,223.146,20/20,59,59,0,113.132,20/20,59,59.250,0.444,3425.702,20/20
C1,curved,15.376,16,64,,66,68,68,0,363.994,1/1,68,68,0,412.280,1/1,66,66,0,7280.146,20/20,66,66,0,11102.432,20/20,66,66.850,0.366,12546.900,20/20
C2,curved,15.452,20,66,,67,68,68,0,201.319,1/1,68,68,0,153.039,1/1,67,67,0,2688.498,20/20,67,67,0,5099.907,20/20,67,67,0,8725.048,20/20
C3,curved,14.258,21,59,,61,62,62,0,248.415,1/1,62,62,0,250.953,1/1,61,61,0,3614.290,20/20,61,61,0,6156.261,20/20,61,61,0,8607.885,20/20
