instance,group,zoneM2,segments,lb,knownOptimum,bestKnown,b_next_best,b_next_mean,b_next_std,b_next_ms,b_next_feasible,b_inst_best,b_inst_mean,b_inst_std,b_inst_ms,b_inst_feasible,rs_best,rs_mean,rs_std,rs_ms,rs_feasible,hc_best,hc_mean,hc_std,hc_ms,hc_feasible,sa_best,sa_mean,sa_std,sa_ms,sa_feasible,sa_onsite_best,sa_onsite_mean,sa_onsite_std,sa_onsite_ms,sa_onsite_feasible
T1,tiny,1.183,2,5,5,5,,,,0,,,,,0,,,,,0,,5,5,0,0.725,20/20,5,5,0,0.935,20/20,5,5,0,0.778,20/20
T2,tiny,0.722,2,5,5,5,,,,0,,,,,0,,,,,0,,5,5,0,0.753,20/20,5,5,0,0.775,20/20,5,5,0,0.774,20/20
T3,tiny,0.983,3,5,,7,,,,0,,,,,0,,,,,0,,7,7,0,1516.546,20/20,7,7,0,2396.873,20/20,7,7,0,2762.347,20/20
T4,tiny,1.104,2,5,5,5,,,,0,,,,,0,,,,,0,,5,5,0,27.844,20/20,5,5,0,28.820,20/20,5,5,0,30.196,20/20
P1,planted,13.808,14,56,56,,,,,0,,,,,0,,,,,0,,57,57,0,4776.816,20/20,56,56,0,325.223,20/20,57,57,0,8043.202,20/20
P2,planted,21.699,22,88,88,,,,,0,,,,,0,,,,,0,,89,89,0,4891.380,20/20,88,88,0,737.845,20/20,89,89.150,0.366,10591.962,20/20
P3,planted,29.589,30,120,120,,,,,0,,,,,0,,,,,0,,121,121,0,5460.714,20/20,120,120,0,665.716,20/20,121,121.800,0.410,12399.005,20/20
P4,planted,41.425,42,168,168,,,,,0,,,,,0,,,,,0,,169,169,0,5683.172,20/20,168,168,0,1537.641,20/20,169,169.950,0.224,16213.850,20/20
P5,planted,49.315,50,200,200,,,,,0,,,,,0,,,,,0,,201,201,0,5437.681,20/20,200,200.200,0.410,3312.422,20/20,201,201.650,0.489,18278.576,20/20
P6,planted,61.151,62,248,248,,,,,0,,,,,0,,,,,0,,249,249,0,5924.108,20/20,248,248.100,0.308,3289.067,20/20,249,249,0,23329.942,20/20
R1,rect,11.860,21,49,49,49,,,,0,,,,,0,,,,,0,,49,49,0,5.581,20/20,49,49,0,4.832,20/20,49,49,0,4.424,20/20
R2,rect,19.820,27,81,,83,,,,0,,,,,0,,,,,0,,83,83,0,1629.523,20/20,83,83,0,3596.758,20/20,84,84.050,0.224,8526.559,20/20
R3,rect,18.544,19,77,,78,,,,0,,,,,0,,,,,0,,78,78,0,1284.844,20/20,78,78,0,2920.782,20/20,79,79.200,0.410,6146.362,20/20
R4,rect,59.980,32,249,,256,,,,0,,,,,0,,,,,0,,256,256,0,1514.764,20/20,256,256,0,3962.515,20/20,256,256,0,8569.270,20/20
L1,lshape,20.547,25,85,,86,,,,0,,,,,0,,,,,0,,86,86,0,2057.063,20/20,86,86.150,0.366,4174.948,20/20,87,87.250,0.444,8912.553,20/20
L2,lshape,30.505,28,127,,129,,,,0,,,,,0,,,,,0,,129,129.100,0.308,2161.180,20/20,129,129,0,4347.722,20/20,129,129.950,0.224,10092.705,20/20
L3,lshape,15.206,23,64,64,64,,,,0,,,,,0,,,,,0,,64,64,0,535.625,20/20,64,64.100,0.308,1046.667,20/20,64,64.950,0.224,8694.924,20/20
U1,lshape,18.750,34,78,,81,,,,0,,,,,0,,,,,0,,81,81,0,1907.041,20/20,81,81,0,4707.751,20/20,81,81,0,10574.772,20/20
S1,slanted,11.857,16,50,,51,,,,0,,,,,0,,,,,0,,51,51,0,5108.644,20/20,51,51,0,8597.840,20/20,51,51.150,0.366,10249.147,20/20
S2,slanted,7.870,11,34,,36,,,,0,,,,,0,,,,,0,,37,37,0,5229.915,20/20,36,36.950,0.224,8037.938,20/20,37,37,0,9237.975,20/20
S3,slanted,14.604,19,61,,62,,,,0,,,,,0,,,,,0,,62,62,0,2002.925,20/20,62,62,0,3831.466,20/20,62,62,0,6549.474,20/20
S4,slanted,13.841,18,58,,60,,,,0,,,,,0,,,,,0,,60,60,0,3179.613,20/20,60,60,0,5631.541,20/20,60,60,0,7901.166,20/20
O1,obstacles,19.718,22,82,,84,,,,0,,,,,0,,,,,0,,84,84,0,1707.425,20/20,84,84,0,3923.347,20/20,84,84,0,6644.183,20/20
O2,obstacles,13.546,20,59,59,59,,,,0,,,,,0,,,,,0,,59,59,0,197.440,20/20,59,59,0,109.606,20/20,59,59.250,0.444,3508.748,20/20
C1,curved,15.376,16,64,,66,,,,0,,,,,0,,,,,0,,66,66,0,7076.474,20/20,66,66,0,10605.910,20/20,66,66.850,0.366,11921.453,20/20
C2,curved,15.452,20,66,,67,,,,0,,,,,0,,,,,0,,67,67,0,2745.290,20/20,67,67,0,5115.389,20/20,67,67,0,8507.697,20/20
C3,curved,14.258,21,59,,61,,,,0,,,,,0,,,,,0,,61,61,0,3583.535,20/20,61,61,0,6247.327,20/20,61,61,0,8688.755,20/20
